{
	"info": {
		"_postman_id": "5ea5659d-08e8-46ae-a8af-28ed8418cea8",
		"name": "clinic-booking-app",
		"schema": "https://schema.getpostman.com/json/collection/v2.1.0/collection.json",
		"_exporter_id": "28364485"
	},
	"item": [
		{
			"name": "Users",
			"item": [
				{
					"name": "Login",
					"request": {
						"method": "POST",
						"header": [],
						"body": {
							"mode": "raw",
							"raw": "{\r\n  \"email\": \"user@example.com\",\r\n  \"password\": \"password123\"\r\n}\r\n",
							"options": {
								"raw": {
									"language": "json"
								}
							}
						},
						"url": {
							"raw": "{{URL}}/users/login",
							"host": [
								"{{URL}}"
							],
							"path": [
								"users",
								"login"
							]
						}
					},
					"response": []
				},
				{
					"name": "Register",
					"request": {
						"method": "POST",
						"header": [],
						"body": {
							"mode": "formdata",
							"formdata": [
								{
									"key": "username",
									"value": "droz7",
									"description": "unique",
									"type": "text"
								},
								{
									"key": "fullName",
									"value": "Dr Oz 7",
									"type": "text"
								},
								{
									"key": "email",
									"value": "dr7@example.com",
									"description": "unique",
									"type": "text"
								},
								{
									"key": "password",
									"value": "123",
									"type": "text"
								},
								{
									"key": "role",
									"value": "doctor",
									"description": "user | doctor | admin",
									"type": "text"
								},
								{
									"key": "profileImage",
									"type": "file",
									"src": "benq.png"
								},
								{
									"key": "contact",
									"value": "08123456789",
									"type": "text"
								}
							]
						},
						"url": {
							"raw": "{{URL}}/users/register",
							"host": [
								"{{URL}}"
							],
							"path": [
								"users",
								"register"
							]
						}
					},
					"response": []
				},
				{
					"name": "Delete User",
					"request": {
						"method": "DELETE",
						"header": [],
						"url": {
							"raw": "{{URL}}/users/delete/3",
							"host": [
								"{{URL}}"
							],
							"path": [
								"users",
								"delete",
								"3"
							],
							"query": [
								{
									"key": "doctorId",
									"value": null,
									"disabled": true
								}
							]
						}
					},
					"response": []
				},
				{
					"name": "Get All User",
					"request": {
						"method": "GET",
						"header": [],
						"url": {
							"raw": "{{URL}}/users/all",
							"host": [
								"{{URL}}"
							],
							"path": [
								"users",
								"all"
							],
							"query": [
								{
									"key": "doctorId",
									"value": null,
									"disabled": true
								}
							]
						}
					},
					"response": []
				},
				{
					"name": "Get All User By Role",
					"request": {
						"method": "GET",
						"header": [],
						"url": {
							"raw": "{{URL}}/users/role?role=doctor",
							"host": [
								"{{URL}}"
							],
							"path": [
								"users",
								"role"
							],
							"query": [
								{
									"key": "role",
									"value": "doctor"
								}
							]
						}
					},
					"response": []
				}
			]
		},
		{
			"name": "Appointments",
			"item": [
				{
					"name": "Schedule",
					"request": {
						"method": "POST",
						"header": [],
						"body": {
							"mode": "raw",
							"raw": "{\r\n  \"doctorId\": \"16\",\r\n  \"patientId\": \"7\",\r\n  \"appointmentDate\": \"2024-01-05 19:40:11\",\r\n  \"description\": \"-\"\r\n}\r\n",
							"options": {
								"raw": {
									"language": "json"
								}
							}
						},
						"url": {
							"raw": "{{URL}}/appointments/schedule",
							"host": [
								"{{URL}}"
							],
							"path": [
								"appointments",
								"schedule"
							]
						}
					},
					"response": []
				},
				{
					"name": "Get All Appointment",
					"protocolProfileBehavior": {
						"disableBodyPruning": true
					},
					"request": {
						"method": "GET",
						"header": [],
						"body": {
							"mode": "raw",
							"raw": "",
							"options": {
								"raw": {
									"language": "json"
								}
							}
						},
						"url": {
							"raw": "{{URL}}/appointments/all",
							"host": [
								"{{URL}}"
							],
							"path": [
								"appointments",
								"all"
							]
						}
					},
					"response": []
				},
				{
					"name": "Get Appointment By ID",
					"protocolProfileBehavior": {
						"disableBodyPruning": true
					},
					"request": {
						"method": "GET",
						"header": [],
						"body": {
							"mode": "raw",
							"raw": "",
							"options": {
								"raw": {
									"language": "json"
								}
							}
						},
						"url": {
							"raw": "{{URL}}/appointments/4",
							"host": [
								"{{URL}}"
							],
							"path": [
								"appointments",
								"4"
							]
						}
					},
					"response": []
				},
				{
					"name": "Get Appointment By User",
					"protocolProfileBehavior": {
						"disableBodyPruning": true
					},
					"request": {
						"method": "GET",
						"header": [],
						"body": {
							"mode": "raw",
							"raw": "",
							"options": {
								"raw": {
									"language": "json"
								}
							}
						},
						"url": {
							"raw": "{{URL}}/appointments/user/7",
							"host": [
								"{{URL}}"
							],
							"path": [
								"appointments",
								"user",
								"7"
							]
						}
					},
					"response": []
				},
				{
					"name": "Get Appointment By Doctor",
					"protocolProfileBehavior": {
						"disableBodyPruning": true
					},
					"request": {
						"method": "GET",
						"header": [],
						"body": {
							"mode": "raw",
							"raw": "",
							"options": {
								"raw": {
									"language": "json"
								}
							}
						},
						"url": {
							"raw": "{{URL}}/appointments/doctor/8",
							"host": [
								"{{URL}}"
							],
							"path": [
								"appointments",
								"doctor",
								"8"
							]
						}
					},
					"response": []
				},
				{
					"name": "Delete Permanent Appointment",
					"request": {
						"method": "DELETE",
						"header": [],
						"body": {
							"mode": "raw",
							"raw": "",
							"options": {
								"raw": {
									"language": "json"
								}
							}
						},
						"url": {
							"raw": "{{URL}}/appointments/permanent-delete/2",
							"host": [
								"{{URL}}"
							],
							"path": [
								"appointments",
								"permanent-delete",
								"2"
							]
						}
					},
					"response": []
				},
				{
					"name": "Delete Soft Appointment",
					"request": {
						"method": "DELETE",
						"header": [],
						"body": {
							"mode": "raw",
							"raw": "",
							"options": {
								"raw": {
									"language": "json"
								}
							}
						},
						"url": {
							"raw": "{{URL}}/appointments/soft-delete/2",
							"host": [
								"{{URL}}"
							],
							"path": [
								"appointments",
								"soft-delete",
								"2"
							]
						}
					},
					"response": []
				}
			]
		},
		{
			"name": "Availability",
			"item": [
				{
					"name": "Get Availability",
					"protocolProfileBehavior": {
						"disableBodyPruning": true
					},
					"request": {
						"method": "GET",
						"header": [],
						"body": {
							"mode": "raw",
							"raw": "",
							"options": {
								"raw": {
									"language": "json"
								}
							}
						},
						"url": {
							"raw": "{{URL}}/availability/check/?doctorId=15&date=2024-01-05&hour=11&minute=00",
							"host": [
								"{{URL}}"
							],
							"path": [
								"availability",
								"check",
								""
							],
							"query": [
								{
									"key": "doctorId",
									"value": "15"
								},
								{
									"key": "date",
									"value": "2024-01-05"
								},
								{
									"key": "hour",
									"value": "11"
								},
								{
									"key": "minute",
									"value": "00"
								}
							]
						}
					},
					"response": []
				},
				{
					"name": "Create Availability",
					"request": {
						"method": "POST",
						"header": [],
						"body": {
							"mode": "raw",
							"raw": "{\r\n    \"doctorId\": \"15\",\r\n    \"date\": \"2024-01-05\",\r\n    \"hour\": \"11\",\r\n    \"minute\": \"00\"\r\n}",
							"options": {
								"raw": {
									"language": "json"
								}
							}
						},
						"url": {
							"raw": "{{URL}}/availability/create",
							"host": [
								"{{URL}}"
							],
							"path": [
								"availability",
								"create"
							]
						}
					},
					"response": []
				}
			]
		},
		{
			"name": "Rating / Reviews",
			"item": [
				{
					"name": "Get Review",
					"request": {
						"method": "GET",
						"header": [],
						"url": {
							"raw": "{{URL}}/reviews/doctor/16",
							"host": [
								"{{URL}}"
							],
							"path": [
								"reviews",
								"doctor",
								"16"
							]
						}
					},
					"response": []
				},
				{
					"name": "Delete Review by ID",
					"request": {
						"method": "DELETE",
						"header": [],
						"url": {
							"raw": "{{URL}}/reviews/delete/2",
							"host": [
								"{{URL}}"
							],
							"path": [
								"reviews",
								"delete",
								"2"
							]
						}
					},
					"response": []
				},
				{
					"name": "Get List Review",
					"request": {
						"method": "GET",
						"header": [],
						"url": {
							"raw": "{{URL}}/reviews/all",
							"host": [
								"{{URL}}"
							],
							"path": [
								"reviews",
								"all"
							]
						}
					},
					"response": []
				},
				{
					"name": "Submit Rating",
					"request": {
						"method": "POST",
						"header": [],
						"body": {
							"mode": "raw",
							"raw": "{\r\n    \"doctorId\": \"15\",\r\n    \"userId\": \"7\",\r\n    \"comment\": \"Good\",\r\n    \"rating\": \"4.5\",\r\n    \"fullName\": \"Nama User\"\r\n}",
							"options": {
								"raw": {
									"language": "json"
								}
							}
						},
						"url": {
							"raw": "{{URL}}/reviews/create",
							"host": [
								"{{URL}}"
							],
							"path": [
								"reviews",
								"create"
							]
						}
					},
					"response": []
				}
			]
		}
	]
}